Series,R²,RMSE,MAE
solar,0.6313598618558656,1037.2741768706571,783.1627575654085
wind_offshore,-0.2582060042466068,13.049592711678912,7.583862637799056
price,0.14644657929910798,20.54240337496085,14.884199091637285
consumption,0.5921564530970516,1616.690350370001,1203.4206574469174
