count,mean,std,min,max,median,negative_count,negative_pct,zero_count
26257,136.45041931675362,115.92904184671758,-500.0,936.28,102.93,827,3.1496362874661994,92
