,test_mae,test_rmse,test_mape,test_smape,test_r2,test_mase
BiLSTM,198.37393375190794,365.4614779627237,268.87706952693884,98.48047408003639,0.9987657794312739,0.11233257529361731
GRU,216.46068400797316,395.9934970153891,230.74643710797335,93.72430740183746,0.9985509423118786,0.12257450172280855
LSTM,208.21172301775383,415.28903103590153,82.68912918175269,68.86787467733151,0.9984062856320405,0.11790338887041742
