Model,MAE,RMSE,R²
Mean,565.1396388959482,630.2552357171627,-0.0027238821922095
Seasonal Naive (24h),460.2614777618364,779.4156618530923,-0.5335102786183581
Naive,1481.8999282639886,1610.0217432443303,-5.5435272723992455
Moving Average (168h),1486.129094930655,1613.915209399213,-5.575213561359671
ETS,1501.7185918772052,1621.5037608169728,-5.637191602098879
Drift,1504.6852803442005,1627.0834024733945,-5.682947730103246
SARIMA,1824.8105389662635,1890.2687158592173,-8.01977134207958
