Model,MSE,RMSE,MAE,R²
LightGBM Quantile (P50),1980.8380574043856,44.5066068961046,20.148625336100125,0.9994369291627103
