,test_mae,test_rmse,test_mape,test_smape,test_r2,test_mase
Random Forest,15.795978141072743,28.451790625277447,inf,200.0,0.0,6.501367060909672e-07
XGBoost,60.876563954431205,106.97080123435055,inf,200.0,0.0,2.5055801175464383e-06
LightGBM,78.95469933138529,141.30092461234057,inf,200.0,0.0,3.2496466945745903e-06
CatBoost,1092.6206861463377,1095.5814807337306,inf,200.0,0.0,4.4970486003077665e-05
