,test_mae,test_rmse,test_mape,test_smape,test_r2,test_mase
LSTM,0.4872174859046936,0.4872174859046936,inf,200.0,0.0,2.005307734709792e-08
Simple RNN,1.5204203085514065,1.5204203086094847,inf,200.0,0.0,6.257802096504379e-08
GRU,69.59220123291016,69.59220123291016,inf,200.0,0.0,2.8643015377147957e-06
