,test_mae,test_rmse,test_mape,test_smape,test_r2,test_mase
Naive,0.0,0.0,inf,0.0,1.0,0.0
Seasonal Naive (24h),0.0,0.0,inf,0.0,1.0,0.0
Moving Average (168h),0.0,0.0,inf,0.0,1.0,0.0
Drift,286.634400346484,330.94650784766094,inf,200.0,0.0,1.1797404581680885e-05
Mean,3051.7738385826774,3051.7738385826765,inf,200.0,0.0,0.00012560603550037491
