,test_mae,test_rmse,test_mape,test_smape,test_r2,test_mase
N-HiTS,570.2690429860429,593.1399410169793,20.80919447509684,18.1969135921794,-13.958777660668547,1.6256751830800678e-05
N-BEATS,1019.8742391048784,1032.8506077075676,36.57912509667173,30.285761679221324,-44.35830182136469,2.9073719865520503e-05
