,test_mae,test_rmse,test_mape,test_smape,test_r2,test_mase
GRU,8.80265647682992,42.98291487221806,0.6146149455798742,0.38195586601455267,0.9185931430619086,2.5093875172725557e-07
Simple RNN,13.60427490831296,47.38216255093583,0.8146474038071085,0.5551612537054357,0.9010766041390853,3.8781926485854377e-07
LSTM,53.68779226736801,67.07001850060598,2.181514282682571,1.9624907723965772,0.8017897486984906,1.5304865764132714e-06
