,test_mae,test_rmse,test_mape,test_smape,test_r2,test_mase
GRU,13.154472369727996,44.724694225936894,0.7721356649061789,0.5332174414165401,0.9118618318412584,3.7499667115022834e-07
LSTM,11.57518486638524,45.28710986819134,0.7311329941945575,0.4855790400209924,0.9096312091426959,3.2997566689424884e-07
Simple RNN,13.812455156321631,46.767079908813855,0.8155313603075323,0.5613343464253036,0.9036282450759489,3.937538928548847e-07
