,test_mae,test_rmse,test_mape,test_smape,test_r2,test_mase
ARIMA,1028.9403533688858,1040.3028013206836,36.92100918296875,30.526307386649016,-45.015198910783674,2.9332169050992524e-05
SARIMA,1028.94678167072,1040.3091589950423,36.92123485132455,30.526468213945172,-45.015761344228615,2.9332352303632478e-05
ETS,1090.7811935555728,1106.2484048257922,39.15734645177609,32.044680658957695,-51.0339844372423,3.1095075882931116e-05
